{
  "trips": {
    "careful_driver": [
      [
        45,
        0.2,
        0
      ],
      [
        45,
        0.2,
        0
      ],
      [
        45,
        0.2,
        0
      ],
      [
        45,
        0.2,
        0
      ],
      [
        45,
        0.2,
        0
      ],
      [
        45,
        0.2,
        0
      ],
      [
        45,
        0.2,
        0
      ],
      [
        45,
        0.2,
        0
      ],
      [
        45,
        0.2,
        0
      ],
      [
        45,
        0.2,
        0
      ],
      [
        45,
        0.2,
        0
      ],
      [
        45,
        0.2,
        0
      ],
      [
        45,
        0.2,
        0
      ],
      [
        45,
        0.2,
        0
      ],
      [
        45,
        0.2,
        0
      ],
      [
        45,
        0.2,
        0
      ],
      [
        45,
        0.2,
        0
      ],
      [
        45,
        0.2,
        0
      ],
      [
        45,
        0.2,
        0
      ],
      [
        45,
        0.2,
        0
      ]
    ],
    "aggressive_driver": [
      [
        110,
        1.0,
        1
      ],
      [
        110,
        1.0,
        1
      ],
      [
        110,
        1.0,
        1
      ],
      [
        110,
        1.0,
        1
      ],
      [
        110,
        1.0,
        1
      ],
      [
        110,
        1.0,
        1
      ],
      [
        110,
        1.0,
        1
      ],
      [
        110,
        1.0,
        1
      ],
      [
        110,
        1.0,
        1
      ],
      [
        110,
        1.0,
        1
      ],
      [
        110,
        1.0,
        1
      ],
      [
        110,
        1.0,
        1
      ],
      [
        110,
        1.0,
        1
      ],
      [
        110,
        1.0,
        1
      ],
      [
        110,
        1.0,
        1
      ],
      [
        110,
        1.0,
        1
      ],
      [
        110,
        1.0,
        1
      ],
      [
        110,
        1.0,
        1
      ],
      [
        110,
        1.0,
        1
      ],
      [
        110,
        1.0,
        1
      ]
    ],
    "unpredictable_driver": [
      [
        111.58591022862285,
        1.2127577774550375,
        0
      ],
      [
        81.28279681826228,
        0.4563127066117415,
        1
      ],
      [
        109.7489842321047,
        0.4455878964180432,
        0
      ],
      [
        128.04062952712349,
        0.9753772881138614,
        0
      ],
      [
        52.57812453954661,
        1.3790193150287484,
        1
      ],
      [
        100.41411870212407,
        0.13418125964046318,
        1
      ],
      [
        117.59054408747069,
        0.6616244266400113,
        0
      ],
      [
        21.651836467469955,
        1.4025840437063444,
        0
      ],
      [
        26.3381252520077,
        0.07229988183122543,
        1
      ],
      [
        74.33430994173654,
        0.9223631914764172,
        0
      ],
      [
        62.02004032402867,
        0.9966084192756332,
        1
      ],
      [
        47.65427467653225,
        1.1568881265321165,
        0
      ],
      [
        80.07609556284496,
        0.84843632943234,
        1
      ],
      [
        100.61696213012026,
        0.07788854900082803,
        1
      ],
      [
        45.580617638743114,
        1.3049432867420026,
        1
      ],
      [
        99.23151580748599,
        1.329699979659701,
        0
      ],
      [
        27.612520188925863,
        0.28821174266802235,
        0
      ],
      [
        124.95809707677266,
        1.2175897453794566,
        1
      ],
      [
        101.11613503160117,
        0.15552162118391827,
        0
      ],
      [
        20.851745573365932,
        1.4552035697615118,
        0
      ]
    ]
  }
}